t_interpolado,tray_x_interpolado,tray_y_interpolado,tray_z_interpolado
0.0,0.0,-1.0,0.0
0.01,0.032038120619252694,-1.000701844029425,-0.020964182129456162
0.02,0.06402700726158099,-1.0010593338752487,-0.04176775200864225
0.03,0.09596375204896292,-1.0010752114595847,-0.06240854335695154
0.04,0.12784544710337653,-1.0007522187045481,-0.08288438989377729
0.05,0.1596691845467999,-1.000093097532253,-0.10319312533851278
0.06,0.19143205650121106,-0.9991005898648138,-0.12333258341055124
0.07,0.22313115508858805,-0.9977774376243442,-0.143300597829286
0.08,0.25476357243090897,-0.9961263827329593,-0.16309500231411028
0.09,0.2863264006501518,-0.9941501671127733,-0.18271363058441734
0.1,0.3178167318682946,-0.9918515326859,-0.2021543163596005
0.11,0.34923165820731544,-0.989233221374454,-0.22141489335905293
0.12,0.38056827178919234,-0.9862979751005497,-0.24049319530216798
0.13,0.4118236647359034,-0.9830485357863015,-0.2593870559083389
0.14,0.4429949291694267,-0.9794876453538236,-0.27809430889695896
0.15,0.4740791572117401,-0.97561804572523,-0.29661278798742136
0.16,0.5050734409848219,-0.9714424788226356,-0.3149403268991195
0.17,0.53597487261065,-0.9669636865681543,-0.33307475935144654
0.18,0.5667805442112025,-0.9621844108839007,-0.35101391906379575
0.19,0.5974875479084574,-0.9571073936919887,-0.3687556397555605
0.2,0.6280929758243928,-0.9517353769145331,-0.38629775514613396
0.21,0.6585939200809866,-0.9460711024736481,-0.4036380989549094
0.22,0.6889874728002171,-0.9401173122914478,-0.4207745049012801
0.23,0.7192707261040623,-0.9338767482900465,-0.43770480670463935
0.24,0.7494407721145001,-0.9273521523915588,-0.45442683808438034
0.25,0.7794947029535085,-0.9205462665180988,-0.47093843275989644
0.26,0.8094296107430659,-0.9134618325917809,-0.4872374244505809
0.27,0.8392425876051499,-0.9061015925347196,-0.5033216468758269
0.28,0.8689307256617389,-0.8984682882690286,-0.5191889337550278
0.29,0.8984911170348108,-0.890564661716823,-0.5348371188075768
0.3,0.9279208538463436,-0.8823934548002167,-0.5502640357528672
0.31,0.9572170282183154,-0.8739574094413239,-0.5654675183102922
0.32,0.9863767322727045,-0.865259267562259,-0.5804454001992453
0.33,1.0153970581314886,-0.8563017710851366,-0.5951955151391196
0.34,1.0442750979166457,-0.8470876619320707,-0.6097156968493083
0.35,1.073007943750154,-0.837619682025176,-0.6240037790492046
0.36,1.101592687753992,-0.8279005732865663,-0.638057595458202
0.37,1.1300264220501368,-0.8179330776383562,-0.6518749797956936
0.38,1.1583062387605674,-0.8077199370026601,-0.665453765781073
0.39,1.186429230007261,-0.7972638933015921,-0.678791787133733
0.4,1.2143924879121966,-0.7865676884572665,-0.691886877573067
0.41,1.242193104597351,-0.7756340643917979,-0.7047368708184685
0.42,1.2698281721847033,-0.7644657630273005,-0.7173396005893306
0.43,1.2972947827962313,-0.7530655262858885,-0.7296929006050463
0.44,1.3245900285539127,-0.7414360960896762,-0.7417946045850095
0.45,1.3517110015797262,-0.7295802143607781,-0.7536425462486127
0.46,1.3786547939956493,-0.7175006230213083,-0.7652345593152498
0.47,1.40541849792366,-0.7052000639933815,-0.7765684775043137
0.48,1.4319992054857367,-0.6926812791991114,-0.7876421345351979
0.49,1.4583940088038572,-0.6799470105606129,-0.7984533641272956
0.5,1.4846,-0.667,-0.809
0.51,1.5106142711961423,-0.6538429894393871,-0.8192798758727045
0.52,1.5364339145142631,-0.6404787208008886,-0.8292908254648022
0.53,1.5620560220763398,-0.6269099360066187,-0.8390306824956865
0.54,1.5874776860043507,-0.6131393769786916,-0.8484972806847504
0.55,1.612695998420274,-0.599169785639222,-0.8576884537513875
0.56,1.6377080514460873,-0.5850039039103238,-0.8666020354149908
0.57,1.6625109372037685,-0.5706444737141116,-0.8752358593949537
0.58,1.6871017478152963,-0.5560942369726997,-0.8835877594106696
0.59,1.7114775754026488,-0.5413559356082022,-0.8916555691815317
0.6,1.7356355120878035,-0.5264323115427335,-0.8994371224269331
0.61,1.7595726499927387,-0.5113261066984081,-0.9069302528662672
0.62,1.7832860812394324,-0.49604006299734005,-0.9141327942189271
0.63,1.8067728979498632,-0.48057692236164373,-0.9210425802043063
0.64,1.830030192246008,-0.46493942671343375,-0.927657444541798
0.65,1.8530550562498458,-0.449130317974824,-0.9339752209507954
0.66,1.8758445820833543,-0.43315233806792924,-0.9399937431506918
0.67,1.8983958618685115,-0.41700822891486333,-0.9457108448608806
0.68,1.9207059877272956,-0.4007007324377409,-0.9511243598007547
0.69,1.9427720517816842,-0.3842325905586763,-0.9562321216897076
0.7,1.964591146153656,-0.36760654519978364,-0.9610319642471328
0.71,1.9861603629651892,-0.35082533828317725,-0.9655217211924232
0.72,2.007476794338261,-0.3338917117309715,-0.9696992262449722
0.73,2.02853753239485,-0.31680840746528066,-0.9735623131241733
0.74,2.049339669256934,-0.2995781674082192,-0.9771088155494192
0.75,2.0698802970464913,-0.28220373348190125,-0.9803365672401037
0.76,2.0901565078855,-0.2646878476084413,-0.9832434019156197
0.77,2.110165393895938,-0.24703325170995352,-0.9858271532953607
0.78,2.129904047199783,-0.22924268770855227,-0.9880856550987199
0.79,2.1493695599190135,-0.21131889752635194,-0.9900167410450906
0.8,2.1685590241756074,-0.1932646230854668,-0.991618244853866
0.81,2.1874695320915434,-0.17508260630801115,-0.9928880002444395
0.82,2.206098175788797,-0.1567755891160995,-0.9938238409362042
0.83,2.22444204738935,-0.13834631343184578,-0.9944236006485535
0.84,2.242498239015178,-0.1197975211773645,-0.9946851131008804
0.85,2.2602638427882598,-0.10113195427477001,-0.9946062120125786
0.86,2.2777359508305737,-0.08235235464617657,-0.9941847311030411
0.87,2.2949116552640967,-0.06346146421369857,-0.993418504091661
0.88,2.3117880482108077,-0.04446202489945032,-0.992305364697832
0.89,2.328362221792685,-0.025356778625546042,-0.9908431466409472
0.9,2.3446312681317054,-0.006148467314100039,-0.9890296836403994
0.91,2.360592279349848,0.01316016711277316,-0.9868628094155828
0.92,2.3762423475690913,0.03256638273295946,-0.9843403576858897
0.93,2.391578564911412,0.052067437624344404,-0.9814601621707141
0.94,2.406598023498789,0.07166058986481355,-0.9782200565894488
0.95,2.4212978154532,0.091343097532253,-0.9746178746614873
0.96,2.435675032896623,0.11111221870454814,-0.9706514501062229
0.97,2.449726767951037,0.13096521145958484,-0.9663186166430484
0.98,2.463450112738419,0.1508993338752485,-0.9616172079913577
0.99,2.4768421593807473,0.1709118440294251,-0.9565450578705439
1.0,2.4899,0.191,-0.9511
1.01,2.502621196196177,0.2111608561869735,-0.9452810959797261
1.02,2.5150051874813664,0.2313906522788028,-0.9390923189321494
1.03,2.527051882845677,0.2516854242860594,-0.9325388698603032
1.04,2.538761191279221,0.2720412082193149,-0.9256259497672215
1.05,2.550133021772105,0.2924540400891409,-0.9183587596559378
1.06,2.561167283314441,0.312919955906109,-0.9107425005294857
1.07,2.5718638848963375,0.33343499168079077,-0.902782373390899
1.08,2.582222735507905,0.3539951834237577,-0.8944835792432112
1.09,2.5922437441392523,0.3745965671455816,-0.885851319089456
1.1,2.601926819780491,0.39523517885683385,-0.8768907939326672
1.11,2.6112718714217293,0.4159070545680861,-0.8676072047758785
1.12,2.620278808053077,0.43660823028990997,-0.8580057526221234
1.13,2.6289475386646437,0.45733474203287655,-0.8480916384744358
1.14,2.6372779722465407,0.4780826258075583,-0.8378700633358492
1.15,2.6452700177888766,0.49884791762452635,-0.8273462282093971
1.16,2.652923584281761,0.5196266534943524,-0.8165253340981132
1.17,2.660238580715304,0.5404148694276079,-0.8054125820050315
1.18,2.6672149160796153,0.5612086014348644,-0.7940131729331854
1.19,2.6738524993648043,0.5820038855266938,-0.7823323078856086
1.2,2.6801512395609817,0.6027967577136673,-0.7703751878653348
1.21,2.686111045658256,0.6235832540063566,-0.7581470138753976
1.22,2.6917318266467385,0.6443594104153332,-0.7456529869188309
1.23,2.6970134915165374,0.665121262951169,-0.7328983079986682
1.24,2.7019559492577634,0.6858648476244354,-0.719888178117943
1.25,2.7065591088605254,0.706586200445704,-0.7066277982796892
1.26,2.7108228793149336,0.7272813574255461,-0.6931223694869404
1.27,2.7147471696110985,0.7479463545745335,-0.6793770927427303
1.28,2.71833188873913,0.7685772279032381,-0.6653971690500925
1.29,2.7215769456891357,0.7891700134222311,-0.6511877994120606
1.3,2.724482249451227,0.8097207471420843,-0.6367541848316683
1.31,2.7270477090155136,0.830225465073369,-0.6221015263119496
1.32,2.729273233372105,0.8506802032266568,-0.6072350248559378
1.33,2.731158731511111,0.8710809976125197,-0.5921598814666664
1.34,2.732704112422642,0.891423884241529,-0.5768812971471697
1.35,2.7339092850968063,0.9117048991242561,-0.5614044729004809
1.36,2.7347741585237144,0.931920078271273,-0.5457346097296336
1.37,2.7352986416934764,0.9520654576931508,-0.5298769086376617
1.38,2.7354826435962023,0.9721370734004611,-0.5138365706275991
1.39,2.735326073222,0.9921309614037761,-0.4976187967024789
1.4,2.734828839560982,1.012043157713667,-0.4812287878653351
1.41,2.733990851603256,1.0318696983407056,-0.46467174511920095
1.42,2.732812018338932,1.051606619295463,-0.44795286946711077
1.43,2.7312922487581206,1.0712499565885112,-0.43107736191209783
1.44,2.729431451850931,1.0907957462304216,-0.4140504234571958
1.45,2.7272295366074735,1.1102400242317658,-0.39687725510543853
1.46,2.724686412017857,1.1295788266031157,-0.37956305785985955
1.47,2.7218019870721917,1.1488081893550421,-0.36211303272349243
1.48,2.718576170760587,1.1679241484981173,-0.3445323806993711
1.49,2.7150088720731533,1.1869227400429128,-0.3268263027905292
1.5,2.7111,1.2058,-0.309
1.51,2.7068498512191486,1.224552122291493,-0.2910589362083907
1.52,2.7022602731602716,1.2431759324856777,-0.2730096268066
1.53,2.6973335009409496,1.2616684140623813,-0.25485885006310016
1.54,2.692071769678767,1.2800265505014325,-0.23661338424636322
1.55,2.6864773144913063,1.2982473252826587,-0.21828000762486122
1.56,2.68055237049615,1.3163277218858886,-0.19986549846706614
1.57,2.674299172810882,1.3342647237909493,-0.18137663504145016
1.58,2.6677199565530842,1.3520553144776692,-0.16282019561648525
1.59,2.660816956840341,1.3696964774258764,-0.1442029584606436
1.6,2.6535924087902334,1.3871851961153987,-0.12553170184239718
1.61,2.646048547520345,1.4045184540260647,-0.10681320403021811
1.62,2.63818760814826,1.4216932346377014,-0.08805424329257842
1.63,2.63001182579156,1.4387065214301367,-0.06926159789795065
1.64,2.6215234355678283,1.4555552978831998,-0.05044204611480599
1.65,2.612724672594648,1.4722365474767178,-0.03160236621161688
1.66,2.6036177719896014,1.488747253690519,-0.012749336456855498
1.67,2.594204968870273,1.5050844000044314,0.006110264881006139
1.68,2.584488498354243,1.5212449698982826,0.024969659533495968
1.69,2.5744705955590974,1.537225946851901,0.04382206923214198
1.7,2.5641534956024175,1.5530243143451143,0.06266071570847198
1.71,2.553539433601786,1.5686370558577505,0.08147882069401398
1.72,2.5426306446747864,1.5840611548696382,0.10026960592029589
1.73,2.5314293639390013,1.5992935948606042,0.1190262931188457
1.74,2.5199378265120136,1.6143313593104776,0.13774210402119125
1.75,2.5081582675114067,1.6291714316990857,0.15641026035886052
1.76,2.4960929220547636,1.643810795506257,0.17502398386338144
1.77,2.483744025259667,1.658246434211819,0.1935764962662819
1.78,2.4711138122436993,1.6724753312956,0.21206101929908996
1.79,2.4582045181244445,1.6864944702374276,0.23047077469333338
1.8,2.4450183780194843,1.7003008345171304,0.2487989841805402
1.81,2.4315576270464025,1.7138914076145362,0.2670388694922384
1.82,2.417824500322782,1.7272631730094723,0.2851836523599557
1.83,2.4038212329662048,1.7404131141817676,0.30322655451522024
1.84,2.3895500600942556,1.7533382146112495,0.32116079768955996
1.85,2.3750132168245157,1.7660354577777464,0.3389796036145025
1.86,2.3602129382745685,1.778501827161086,0.35667619402157624
1.87,2.3451514595619978,1.790734306241096,0.3742437906423087
1.88,2.329831015804385,1.8027298784976047,0.39167561520822775
1.89,2.314253842119314,1.8144855274104406,0.40896488945086185
1.9,2.2984221736243677,1.825998236459431,0.4261048351017387
1.91,2.2823382454371295,1.837264989124404,0.44308867389238615
1.92,2.2660042926751807,1.8482827688851877,0.4599096275543322
1.93,2.249422550456105,1.8590485592216104,0.4765609178191047
1.94,2.232595253897487,1.8695593436134994,0.49303576641823155
1.95,2.215524638116907,1.879812105540683,0.5093273950832408
1.96,2.19821293823195,1.8898038284829892,0.5254290255456604
1.97,2.1806623893601973,1.8995314959202458,0.5413338795370182
1.98,2.162875226619233,1.908992091332281,0.557035178788842
1.99,2.1448536851266393,1.9181825981989238,0.57252614503266
2.0,2.1266,1.9271,0.5878
2.01,2.1081166677272267,1.9357416154470537,0.6028505664132886
2.02,2.089407230277548,1.9441061041784866,0.6176740709585498
2.03,2.0704754909905243,1.9521924610644148,0.6322673413127041
2.04,2.051325253205712,1.9599996809749554,0.6466272051526748
2.05,2.0319603202626713,1.9675267587802239,0.6607504901553827
2.06,2.0123844955009593,1.9747726893503375,0.6746340239977507
2.07,1.9926015822601357,1.9817364675554126,0.6882746343566997
2.08,1.972615383879758,1.9884170882655654,0.7016691489091529
2.09,1.952429703699386,1.9948135463509127,0.7148143953320308
2.1,1.9320483450585766,2.000924836681571,0.727707201302257
2.11,1.91147511129689,2.0067499541276566,0.7403443944967516
2.12,1.890713805753883,2.012287893559286,0.7527228025924382
2.13,1.8697682317691158,2.0175376498465756,0.7648392532662374
2.14,1.8486421926821455,2.022498217859642,0.7766905741950723
2.15,1.8273394918325319,2.0271685924686014,0.7882735930558638
2.16,1.805863932559832,2.0315477685435708,0.7995851375255347
2.17,1.784219318203606,2.0356347409546665,0.8106220352810062
2.18,1.7624094521034106,2.039428504572005,0.8213811139992011
2.19,1.740438137598806,2.0429280542657025,0.8318592013570404
2.2,1.7183091780293496,2.0461323849058757,0.8420531250314467
2.21,1.6960263767346009,2.049040491362641,0.8519597126993415
2.22,1.6735935370541173,2.051651368506115,0.8615757920376472
2.23,1.6510144623274583,2.0539640112064137,0.8708981907232853
2.24,1.628292955894181,2.055977414333654,0.8799237364331781
2.25,1.605432821093846,2.0576905727579526,0.8886492568442471
2.26,1.582437861266011,2.059102481349426,0.8970715796334146
2.27,1.5593118797502328,2.0602121349781903,0.9051875324776026
2.28,1.536058679886073,2.0610185285143623,0.9129939430537327
2.29,1.5126820650130866,2.061520656828058,0.9204876390387274
2.3,1.4891858384708352,2.061717514789394,0.9276654481095078
2.31,1.4655738035988748,2.061608097268487,0.9345241979429968
2.32,1.4418497637367669,2.061191399135454,0.9410607162161153
2.33,1.418017522224067,2.0604664152604104,0.9472718306057862
2.34,1.3940808824003357,2.059432140513474,0.9531543687889307
2.35,1.3700436476051299,2.0580875697647594,0.9587051584424714
2.36,1.34590962117801,2.056431697884385,0.9639210272433295
2.37,1.3216826064585319,2.0544635197424657,0.9687988028684278
2.38,1.2973664067862576,2.0521820302091194,0.9733353129946875
2.39,1.2729648255007422,2.0495862241544613,0.9775273852990307
2.4,1.2484816659415467,2.046675096448609,0.9813718474583797
2.41,1.2239207314482277,2.043447641961678,0.9848655271496561
2.42,1.1992858253603453,2.0399028555637857,0.9880052520497818
2.43,1.1745807510174566,2.036039732125048,0.9907878498356789
2.44,1.1498093117591222,2.031857266515581,0.9932101481842694
2.45,1.1249753109248979,2.0273544536055024,0.9952689747724752
2.46,1.1000825518543447,2.0225302882649276,0.996961157277218
2.47,1.075134837887019,2.0173837653639732,0.9982835233754199
2.48,1.050135972362481,2.0119138797727567,0.9992329007440031
2.49,1.025089758620288,2.0061196263613934,0.9998061170598891
2.5,1.0,2.0,1.0
2.51,0.9748705114719453,1.993554411920292,0.999812432155235
2.52,0.9497051545295351,1.9867839388003758,0.999245515772401
2.53,0.9245078022969545,1.9796900736799592,0.9983024080122826
2.54,0.8992823278983845,1.972274309598747,0.9969862660356641
2.55,0.8740326044580101,1.9645381395964456,0.9953002470033299
2.56,0.8487625051000123,1.9564830567127616,0.9932475080760635
2.57,0.8234759029485761,1.9481105539874006,0.9908312064146505
2.58,0.7981766711278824,1.939422124460069,0.9880544991798743
2.59,0.7728686827621166,1.9304192611704727,0.9849205435325193
2.6,0.7475558109754592,1.9211034571583172,0.9814324966333703
2.61,0.7222419288920956,1.9114762054633099,0.9775935156432114
2.62,0.6969309096362064,1.901538999125156,0.9734067577228264
2.63,0.6716266263319771,1.8912933311835616,0.9688753800330004
2.64,0.6463329521035883,1.880740694678233,0.9640025397345172
2.65,0.6210537600752254,1.8698825826488765,0.9587913939881615
2.66,0.5957929233710688,1.8587204881351975,0.9532450999547168
2.67,0.5705543151153042,1.8472559041769032,0.9473668147949686
2.68,0.5453418084321121,1.8354903238136984,0.9411596956697003
2.69,0.5201592764456778,1.8234252400852904,0.9346268997396966
2.7,0.49501059228018207,1.811062146031384,0.9277715841657417
2.71,0.4698996290598102,1.798402534691687,0.9205969061086201
2.72,0.44483025990874303,1.7854478991059033,0.9131060227291156
2.73,0.41980635795116555,1.7721997323137413,0.9053020911880133
2.74,0.39483179631125864,1.7586595273549053,0.8971882686460968
2.75,0.3699104481132076,1.7448287772691027,0.8887677122641511
2.76,0.34504618648119434,1.7307089750960387,0.8800435792029598
2.77,0.3202428845394007,1.7163016138754195,0.8710190266233074
2.78,0.29550441541201183,1.7016081866469515,0.8616972116859789
2.79,0.2708346522232088,1.6866301864503404,0.8520812915517573
2.8,0.2462374680971765,1.6713691063252927,0.8421744233814282
2.81,0.2217167361580959,1.655826439311514,0.8319797643357751
2.82,0.19727632953015212,1.6400036784487115,0.8215004715755828
2.83,0.17292012133752607,1.6239023167765896,0.8107397022616352
2.84,0.14865198470440288,1.607523847334856,0.7997006135547172
2.85,0.12447579275496351,1.5908697631632156,0.7883863626156122
2.86,0.10039541861339292,1.5739415573013757,0.7768001066051056
2.87,0.07641473540387206,1.5567407227890409,0.7649450026839807
2.88,0.05253761625058608,1.5392687526659188,0.7528242080130227
2.89,0.028767934277715866,1.5215271399717138,0.740440879753015
2.9,0.005109562609446533,1.503517377746134,0.727798175064743
2.91,-0.01843362563004091,1.4852409590288835,0.7148992511089899
2.92,-0.0418577573165617,1.4666993768596703,0.7017472650465408
2.93,-0.06515895932593443,1.4478941242781984,0.6883453740381795
2.94,-0.08833335853397428,1.4288266943241763,0.6746967352446913
2.95,-0.11137708181650052,1.4094985800373079,0.660804505826859
2.96,-0.1342862560493277,1.389911274457301,0.646671842945468
2.97,-0.15705700810827516,1.3700662706238596,0.632301903761302
2.98,-0.17968546486915757,1.3499650615766923,0.6176978454351463
2.99,-0.2021677532077943,1.3296091403555033,0.6028628251277837
3.0,-0.2245,1.309,0.5878
3.01,-0.2466785632150051,1.2881394656717802,0.5725131433657716
3.02,-0.26870072519568877,1.2670306910200095,0.5570084931518461
3.03,-0.2905639993783397,1.2456771618157496,0.5412929034381653
3.04,-0.31226589919925035,1.224082363830057,0.5253732283046688
3.05,-0.3338039380947092,1.2022497828339933,0.5092563218312988
3.06,-0.35517562950100884,1.1801829045986156,0.4929490380979947
3.07,-0.3763784868544379,1.1578852148949852,0.4764582311846987
3.08,-0.39741002359128885,1.1353601994941587,0.45979075517135026
3.09,-0.4182677531478502,1.1126113441671976,0.4429534641378914
3.1,-0.43894918896041457,1.089642134685159,0.42595321216426174
3.11,-0.45945184446527043,1.0664560568191044,0.40879685333040344
3.12,-0.4797732330987103,1.0430565963400902,0.39149124171625577
3.13,-0.49991086829702286,1.0194472390191782,0.37404323140176116
3.14,-0.5198622634965004,0.9956314706274255,0.35645967646685883
3.15,-0.5396249321334319,0.971612776935893,0.338747430991491
3.16,-0.5591963876441093,0.9473946437156378,0.3209133490555972
3.17,-0.5785741434648217,0.9229805567377212,0.3029642847391196
3.18,-0.5977557130318611,0.8983740017732004,0.2849070921219974
3.19,-0.6167386097815167,0.8735784645931366,0.2667486252841732
3.2,-0.6355203471500804,0.8485974309685868,0.24849573830558605
3.21,-0.6540984385738414,0.8234343866706122,0.23015528526617834
3.22,-0.6724703974890914,0.7980928174702697,0.21173412024588933
3.23,-0.6906337373321199,0.772576209138621,0.1932390973246615
3.24,-0.7085859715392185,0.7468880474467229,0.17467707058243387
3.25,-0.7263246135466765,0.7210318181656367,0.15605489409914905
3.26,-0.7438471767907853,0.6950110070664205,0.13737942195474695
3.27,-0.7611511747078358,0.6688290999201321,0.1186575082291675
3.28,-0.7782341207341174,0.6424895824978333,0.09989600700235325
3.29,-0.7950935283059218,0.6159959405705806,0.08110177235424333
3.3,-0.8117269108595385,0.5893516599094358,0.062281658364780126
3.31,-0.8281317818312592,0.5625602262854554,0.04344251911390293
3.32,-0.8443056546573731,0.5356251254697011,0.0245912086815541
3.33,-0.860246042774172,0.5085498432332296,0.0057345811476727515
3.34,-0.8759504596179453,0.4813378653471026,-0.013120509407798478
3.35,-0.8914164186249848,0.4539926775823767,-0.03196720890492067
3.36,-0.9066414332315794,0.42651776571011346,-0.05079866326375124
3.37,-0.9216230168740216,0.3989166155013696,-0.06960801840435091
3.38,-0.9363586829886001,0.3711927127272068,-0.0883884202467775
3.39,-0.9508459450116069,0.3433495431586816,-0.10713301471109168
3.4,-0.9650823163793314,0.3153905925668558,-0.1258349477173509
3.41,-0.9790653105280653,0.2873193467227861,-0.14448736518561628
3.42,-0.9927924408940976,0.25913929139753394,-0.1630834130359452
3.43,-1.0062612209137207,0.23085391236215602,-0.18161623718839842
3.44,-1.0194691640232234,0.2024666953877141,-0.20007898356303364
3.45,-1.0324137836588978,0.17398112624526477,-0.2184647980799116
3.46,-1.0450925932570327,0.14540069070586972,-0.23676682665908988
3.47,-1.0575031062539206,0.1167288745405856,-0.25497821522062936
3.48,-1.06964283608585,0.08796916352047397,-0.2730921096845875
3.49,-1.0815092961891135,0.05912504341659153,-0.29110165597102516
3.5,-1.0931,0.0302,-0.309
3.51,-1.1044128466119223,0.0011976397925902592,-0.32678061121831997
3.52,-1.11544727774678,-0.02787794768041471,-0.34443825317978544
3.53,-1.1262031207835934,-0.05702255214295503,-0.36196801296494235
3.54,-1.1366802031013836,-0.08623196331897598,-0.3793649776543397
3.55,-1.146878352079171,-0.11550197093241765,-0.39662423432852356
3.56,-1.1567973950959773,-0.14482836470722538,-0.413740870068043
3.57,-1.1664371595308223,-0.17420693436733922,-0.43070997195344407
3.58,-1.1757974727627278,-0.20363346963670456,-0.44752662706527563
3.59,-1.1848781621707138,-0.23310376023926138,-0.46418592248408413
3.6,-1.193679055133802,-0.26261359589895505,-0.4806829452904181
3.61,-1.2021999790310123,-0.29215876633972565,-0.49701278256482406
3.62,-1.2104407612413663,-0.3217350612855185,-0.5131705213878507
3.63,-1.2184012291438844,-0.3513382704602736,-0.5291512488400443
3.64,-1.2260812101175877,-0.38096418358793643,-0.5449500520019536
3.65,-1.233480531541497,-0.410608590392447,-0.560562017954125
3.66,-1.2405990207946331,-0.4402672805977505,-0.5759822337771071
3.67,-1.2474365052560168,-0.4699360439277872,-0.5912057865514464
3.68,-1.253992812304669,-0.4996106701065024,-0.6062277633576916
3.69,-1.2602677693196103,-0.529286948857836,-0.621043251276389
3.7,-1.266261203679862,-0.5589606699057335,-0.6356473373880875
3.71,-1.2719729427644442,-0.5886276229741348,-0.6500351087733333
3.72,-1.277402813952379,-0.6182835977869855,-0.6642016525126749
3.73,-1.2825506446226858,-0.6479243840682254,-0.6781420556866592
3.74,-1.2874162621543865,-0.6775457715418,-0.6918514053758344
3.75,-1.2919994939265014,-0.7071435499316492,-0.7053247886607473
3.76,-1.2963001673180514,-0.7367135089617173,-0.7185572926219457
3.77,-1.3003181097080578,-0.766251438355948,-0.7315440043399778
3.78,-1.3040531484755409,-0.7957531278382816,-0.7442800108953901
3.79,-1.3075051109995215,-0.8252143671326632,-0.7567603993687311
3.8,-1.3106738246590206,-0.8546309459630331,-0.768980256840547
3.81,-1.3135591168330594,-0.8839986540533364,-0.7809346703913874
3.82,-1.3161608149006585,-0.9133132811275135,-0.7926187271017976
3.83,-1.3184787462408385,-0.9425706169095095,-0.8040275140523271
3.84,-1.3205127382326205,-0.9717664511232644,-0.8151561183235218
3.85,-1.3222626182550254,-1.0008965734927238,-0.8259996269959305
3.86,-1.3237282136870736,-1.0299567737418276,-0.8365531271500996
3.87,-1.3249093519077864,-1.058942841594521,-0.8468117058665781
3.88,-1.3258058602961844,-1.0878505667747442,-0.8567704502259117
3.89,-1.3264175662312887,-1.1166757390064426,-0.8664244473086498
3.9,-1.3267442970921197,-1.1454141480135562,-0.8757687841953383
3.91,-1.3267858802576988,-1.1740615835200299,-0.8847985479665261
3.92,-1.3265421431070465,-1.2026138352498048,-0.8935088257027597
3.93,-1.3260129130191836,-1.2310666929268252,-0.9018947044845875
3.94,-1.325198017373131,-1.2594159462750318,-0.9099512713925563
3.95,-1.32409728354791,-1.28765738501837,-0.9176736135072143
3.96,-1.3227105389225404,-1.315786798880779,-0.9250568179091083
3.97,-1.321037610876044,-1.343799977586205,-0.9320959716787867
3.98,-1.3190783267874413,-1.371692710858588,-0.9387861618967961
3.99,-1.3168325140357529,-1.3994607884218728,-0.9451224756436848
4.0,-1.3143,-1.4271,-0.9511
4.01,-1.3114809983373044,-1.4546062744421377,-0.9567148224924897
4.02,-1.3083772678171908,-1.48197609709835,-0.9619670324327041
4.03,-1.3049909534872857,-1.5092060924439274,-0.9668577195783945
4.04,-1.301324200395215,-1.536292884954154,-0.9713879736873102
4.05,-1.2973791535886054,-1.5632330991043197,-0.975558884517203
4.06,-1.2931579581150825,-1.590023359369714,-0.979371541825823
4.07,-1.2886627590222712,-1.6166602902256266,-0.9828270353709212
4.08,-1.2838957013578,-1.6431405161473418,-0.9859264549102479
4.09,-1.2788589301692934,-1.6694606616101497,-0.9886708902015537
4.1,-1.273554590504378,-1.6956173510893393,-0.9910614310025896
4.11,-1.2679848274106793,-1.7216072090602008,-0.9930991670711061
4.12,-1.2621517859358242,-1.7474268599980183,-0.9947851881648538
4.13,-1.2560576111274389,-1.773072928378082,-0.9961205840415833
4.14,-1.2497044480331487,-1.7985420386756807,-0.9971064444590454
4.15,-1.2430944417005796,-1.8238308153661047,-0.9977438591749906
4.16,-1.2362297371773583,-1.848935882924638,-0.9980339179471699
4.17,-1.2291124795111112,-1.8738538658265713,-0.9979777105333334
4.18,-1.2217448137494638,-1.898581388547193,-0.9975763266912319
4.19,-1.2141288849400418,-1.9231150755617927,-0.9968308561786163
4.2,-1.2062668381304722,-1.9474515513456558,-0.9957423887532371
4.21,-1.198160818368381,-1.971587440374072,-0.9943120141728451
4.22,-1.189812970701394,-1.9955193671223304,-0.9925408221951907
4.23,-1.181225440177136,-2.0192439560657203,-0.9904299025780244
4.24,-1.1724003718432359,-2.0427578316795265,-0.9879803450790973
4.25,-1.163339910747318,-2.0660576184390393,-0.9851932394561598
4.26,-1.1540462019370084,-2.089139940819548,-0.9820696754669628
4.27,-1.144521390459934,-2.1120014232963396,-0.9786107428692565
4.28,-1.1347676213637192,-2.134638690344705,-0.9748175314207916
4.29,-1.124787039695992,-2.1570483664399287,-0.9706911308793192
4.3,-1.114581790504378,-2.1792270760573005,-0.9662326310025899
4.31,-1.104154018836503,-2.2011714436721093,-0.9614431215483539
4.32,-1.0935058697399924,-2.222878093759645,-0.9563236922743615
4.33,-1.082639488262474,-2.2443436507951926,-0.9508754329383647
4.34,-1.0715570194515727,-2.2655647392540423,-0.9450994332981132
4.35,-1.0602606083549146,-2.286537983611482,-0.9389967831113581
4.36,-1.0487524000201254,-2.3072600083428028,-0.9325685721358488
4.37,-1.0370345394948326,-2.327727437923288,-0.9258158901293377
4.38,-1.025109171826662,-2.347936896828229,-0.9187398268495747
4.39,-1.0129784420632388,-2.3678850095329134,-0.9113414720543102
4.4,-1.0006444952521885,-2.387568400512632,-0.9036219155012946
4.41,-0.9881094764411393,-2.4069836942426686,-0.8955822469482796
4.42,-0.9753755306777162,-2.426127515198314,-0.8872235561530154
4.43,-0.9624448030095454,-2.4449964878548567,-0.8785469328732523
4.44,-0.9493194384842517,-2.463587236687587,-0.8695534668667404
4.45,-0.9360015821494634,-2.4818963861717886,-0.8602442478912318
4.46,-0.9224933790528057,-2.499920560782753,-0.8506203657044765
4.47,-0.9087969742419044,-2.517656384995768,-0.8406829100642252
4.48,-0.8949145127643847,-2.5351004832861226,-0.8304329707282276
4.49,-0.8808481396678749,-2.552249480129104,-0.8198716374542359
4.5,-0.8666,-2.5691,-0.809
4.51,-0.8521724800388609,-2.5856490156240364,-0.7978199972117207
4.52,-0.8375689309844574,-2.6018948927261807,-0.7863369642893975
4.53,-0.8227929452672632,-2.6178363452813382,-0.7745570855214796
4.54,-0.8078481153177556,-2.6334720872644097,-0.7624865451964188
4.55,-0.792738033566408,-2.6488008326503003,-0.7501315276026641
4.56,-0.7774662924436954,-2.6638212954139147,-0.7374982170286649
4.57,-0.7620364843800909,-2.6785321895301575,-0.7245927977628706
4.58,-0.7464522018060721,-2.6929322289739304,-0.7114214540937329
4.59,-0.7307170371521128,-2.707020127720138,-0.6979903703097006
4.6,-0.7148345828486873,-2.7207945997436846,-0.6843057306992235
4.61,-0.6988084313262691,-2.734254359019475,-0.6703737195507505
4.62,-0.6826421750153359,-2.7473981195224106,-0.6562005211527339
4.63,-0.666339406346361,-2.760224595227397,-0.6417923197936221
4.64,-0.6499037177498193,-2.7727325001093384,-0.6271552997618651
4.65,-0.633338701656184,-2.7849205481431385,-0.6122956453459115
4.66,-0.6166479504959326,-2.7967874533036996,-0.5972195408342136
4.67,-0.5998350566995388,-2.8083319295659273,-0.5819331705152203
4.68,-0.5829036126974774,-2.8195526909047244,-0.566442718677381
4.69,-0.5658572109202213,-2.830448451294997,-0.5507543696091448
4.7,-0.5486994437982485,-2.841017924711646,-0.5348743075989639
4.71,-0.5314339037620325,-2.851259825129576,-0.5188087169352867
4.72,-0.5140641832420475,-2.861172866523692,-0.5025637819065636
4.73,-0.4965938746687673,-2.8707557628688978,-0.4861456868012424
4.74,-0.47902657047266944,-2.8800072281400966,-0.46956061590777626
4.75,-0.46136586308422745,-2.8889259763121924,-0.4528147535146134
4.76,-0.4436153449339158,-2.897510721360089,-0.43591428391020376
4.77,-0.4257786084522095,-2.9057601772586903,-0.4188653913829974
4.78,-0.40785924606958146,-2.913673057982901,-0.4016742602214425
4.79,-0.38986085021650996,-2.9212480775076237,-0.3843470747139918
4.8,-0.3717870133234681,-2.9284839498077635,-0.36689001914909397
4.81,-0.35364132782093055,-2.9353793888582236,-0.34930927781519866
4.82,-0.3354273861393706,-2.941933108633908,-0.3316110350007543
4.83,-0.3171487807092661,-2.9481438231097203,-0.3138014749942137
4.84,-0.29880910396109045,-2.954010246260564,-0.29588678208402547
4.85,-0.2804119483253182,-2.9595310920613445,-0.2778731405586392
4.86,-0.26196090623242263,-2.9647050744869654,-0.2597667347065033
4.87,-0.2434595701128818,-2.9695309075123286,-0.24157374881607085
4.88,-0.22491153239716882,-2.97400730511234,-0.2233003671757901
4.89,-0.20632038551575843,-2.978132981261903,-0.2049527740741108
4.9,-0.18768972189912378,-2.981906649935921,-0.18653715379948144
4.91,-0.169023133977743,-2.9853270251092985,-0.16805969064035492
4.92,-0.1503242141820892,-2.9883928207569395,-0.1495265688851796
4.93,-0.13159655494263717,-2.9911027508537464,-0.13094397282240522
4.94,-0.11284374868985989,-2.9934555293746246,-0.11231808674048023
4.95,-0.09406938785423571,-2.9954498702944776,-0.09365509492785756
4.96,-0.0752770648662376,-2.9970844875882094,-0.07496118167298564
4.97,-0.056470372156340355,-2.9983580952307234,-0.05624253126431426
4.98,-0.03765290215501704,-2.999269407196924,-0.03750532799029155
4.99,-0.01882824729274593,-2.999817137461715,-0.018755756139370666
5.0,0.0,-3.0,0.0
5.01,0.018828247292745928,-2.999817137461715,0.018755756139370673
5.02,0.03765290215501708,-2.999269407196924,0.03750532799029147
5.03,0.05647037215634034,-2.9983580952307234,0.0562425312643142
5.04,0.07527706486623759,-2.9970844875882094,0.07496118167298564
5.05,0.0940693878542357,-2.995449870294478,0.09365509492785762
5.06,0.11284374868985991,-2.993455529374625,0.11231808674048024
5.07,0.1315965549426371,-2.9911027508537464,0.13094397282240527
5.08,0.15032421418208916,-2.988392820756939,0.14952656888517957
5.09,0.169023133977743,-2.985327025109299,0.16805969064035492
5.1,0.18768972189912375,-2.9819066499359215,0.18653715379948144
5.11,0.20632038551575838,-2.978132981261903,0.20495277407411086
5.12,0.22491153239716877,-2.97400730511234,0.2233003671757901
5.13,0.2434595701128818,-2.969530907512329,0.24157374881607085
5.14,0.26196090623242263,-2.964705074486965,0.25976673470650335
5.15,0.2804119483253182,-2.9595310920613445,0.2778731405586392
5.16,0.2988091039610904,-2.954010246260564,0.29588678208402547
5.17,0.31714878070926616,-2.94814382310972,0.31380147499421374
5.18,0.33542738613937056,-2.941933108633908,0.3316110350007543
5.19,0.35364132782093055,-2.935379388858223,0.34930927781519866
5.2,0.37178701332346803,-2.928483949807763,0.36689001914909397
5.21,0.38986085021651,-2.921248077507624,0.3843470747139918
5.22,0.40785924606958146,-2.913673057982901,0.4016742602214424
5.23,0.42577860845220944,-2.9057601772586903,0.4188653913829975
5.24,0.44361534493391575,-2.897510721360089,0.4359142839102039
5.25,0.46136586308422745,-2.888925976312192,0.4528147535146134
5.26,0.47902657047266956,-2.8800072281400966,0.46956061590777626
5.27,0.49659387466876725,-2.870755762868898,0.4861456868012425
5.28,0.5140641832420475,-2.861172866523692,0.5025637819065636
5.29,0.5314339037620324,-2.851259825129576,0.5188087169352869
5.3,0.5486994437982485,-2.8410179247116454,0.5348743075989639
5.31,0.5658572109202212,-2.8304484512949966,0.5507543696091448
5.32,0.5829036126974774,-2.819552690904725,0.5664427186773812
5.33,0.599835056699539,-2.808331929565927,0.5819331705152203
5.34,0.6166479504959327,-2.7967874533037,0.5972195408342137
5.35,0.6333387016561839,-2.7849205481431385,0.6122956453459114
5.36,0.6499037177498194,-2.772732500109338,0.6271552997618651
5.37,0.6663394063463611,-2.760224595227397,0.6417923197936222
5.38,0.682642175015336,-2.7473981195224106,0.656200521152734
5.39,0.6988084313262691,-2.734254359019475,0.6703737195507506
5.4,0.7148345828486873,-2.7207945997436846,0.6843057306992236
5.41,0.7307170371521128,-2.707020127720138,0.6979903703097006
5.42,0.7464522018060722,-2.69293222897393,0.7114214540937328
5.43,0.762036484380091,-2.678532189530157,0.7245927977628706
5.44,0.7774662924436953,-2.6638212954139147,0.7374982170286649
5.45,0.792738033566408,-2.6488008326503003,0.7501315276026641
5.46,0.8078481153177556,-2.6334720872644093,0.7624865451964189
5.47,0.8227929452672632,-2.6178363452813382,0.7745570855214796
5.48,0.8375689309844574,-2.6018948927261807,0.7863369642893976
5.49,0.8521724800388608,-2.5856490156240364,0.7978199972117206
5.5,0.8666,-2.5691,0.809
5.51,0.8808481396678749,-2.5522494801291034,0.8198716374542359
5.52,0.8949145127643846,-2.5351004832861226,0.8304329707282276
5.53,0.9087969742419045,-2.5176563849957674,0.8406829100642252
5.54,0.9224933790528056,-2.499920560782753,0.8506203657044766
5.55,0.9360015821494634,-2.481896386171789,0.8602442478912319
5.56,0.9493194384842516,-2.463587236687587,0.8695534668667404
5.57,0.9624448030095454,-2.444996487854857,0.8785469328732524
5.58,0.9753755306777162,-2.4261275151983144,0.8872235561530153
5.59,0.9881094764411393,-2.4069836942426686,0.8955822469482796
5.6,1.0006444952521887,-2.3875684005126314,0.9036219155012947
5.61,1.0129784420632386,-2.367885009532913,0.9113414720543103
5.62,1.025109171826662,-2.3479368968282293,0.9187398268495747
5.63,1.0370345394948326,-2.327727437923288,0.9258158901293377
5.64,1.0487524000201254,-2.3072600083428028,0.932568572135849
5.65,1.0602606083549146,-2.2865379836114825,0.938996783111358
5.66,1.0715570194515727,-2.265564739254043,0.9450994332981133
5.67,1.0826394882624737,-2.2443436507951926,0.9508754329383647
5.68,1.0935058697399924,-2.2228780937596455,0.9563236922743618
5.69,1.1041540188365029,-2.2011714436721093,0.9614431215483539
5.7,1.1145817905043782,-2.1792270760573005,0.9662326310025897
5.71,1.124787039695992,-2.1570483664399287,0.9706911308793194
5.72,1.134767621363719,-2.134638690344705,0.9748175314207916
5.73,1.1445213904599338,-2.11200142329634,0.9786107428692565
5.74,1.1540462019370086,-2.089139940819548,0.9820696754669627
5.75,1.1633399107473177,-2.06605761843904,0.9851932394561597
5.76,1.1724003718432359,-2.0427578316795265,0.9879803450790973
5.77,1.181225440177136,-2.0192439560657207,0.9904299025780243
5.78,1.1898129707013938,-1.9955193671223306,0.9925408221951906
5.79,1.198160818368381,-1.9715874403740725,0.9943120141728451
5.8,1.2062668381304724,-1.947451551345656,0.9957423887532371
5.81,1.2141288849400416,-1.923115075561793,0.9968308561786163
5.82,1.221744813749464,-1.8985813885471927,0.9975763266912319
5.83,1.229112479511111,-1.873853865826571,0.9979777105333333
5.84,1.2362297371773585,-1.8489358829246383,0.9980339179471699
5.85,1.2430944417005796,-1.823830815366105,0.9977438591749908
5.86,1.2497044480331487,-1.7985420386756807,0.9971064444590454
5.87,1.2560576111274389,-1.7730729283780822,0.9961205840415835
5.88,1.2621517859358242,-1.7474268599980183,0.9947851881648538
5.89,1.2679848274106793,-1.7216072090602008,0.9930991670711063
5.9,1.2735545905043781,-1.6956173510893393,0.9910614310025896
5.91,1.2788589301692934,-1.6694606616101497,0.9886708902015536
5.92,1.2838957013577998,-1.6431405161473418,0.9859264549102479
5.93,1.2886627590222715,-1.6166602902256269,0.9828270353709213
5.94,1.2931579581150823,-1.590023359369714,0.9793715418258229
5.95,1.2973791535886052,-1.5632330991043202,0.9755588845172032
5.96,1.3013242003952152,-1.536292884954154,0.9713879736873102
5.97,1.3049909534872857,-1.5092060924439274,0.9668577195783945
5.98,1.308377267817191,-1.4819760970983498,0.9619670324327041
5.99,1.3114809983373044,-1.4546062744421375,0.9567148224924896
6.0,1.3143,-1.4271,0.9511
6.01,1.3168325140357526,-1.3994607884218728,0.9451224756436849
6.02,1.319078326787441,-1.371692710858589,0.9387861618967964
6.03,1.3210376108760438,-1.343799977586204,0.9320959716787863
6.04,1.3227105389225404,-1.3157867988807792,0.9250568179091083
6.05,1.32409728354791,-1.2876573850183697,0.9176736135072143
6.06,1.325198017373131,-1.2594159462750332,0.9099512713925567
6.07,1.3260129130191836,-1.231066692926824,0.9018947044845873
6.08,1.3265421431070465,-1.2026138352498046,0.8935088257027598
6.09,1.3267858802576988,-1.17406158352003,0.8847985479665261
6.1,1.3267442970921197,-1.1454141480135571,0.8757687841953388
6.11,1.3264175662312887,-1.116675739006441,0.8664244473086492
6.12,1.3258058602961844,-1.0878505667747442,0.8567704502259117
6.13,1.3249093519077864,-1.0589428415945208,0.846811705866578
6.14,1.3237282136870738,-1.0299567737418287,0.8365531271501002
6.15,1.3222626182550252,-1.0008965734927224,0.82599962699593
6.16,1.3205127382326205,-0.9717664511232644,0.8151561183235218
6.17,1.3184787462408385,-0.9425706169095095,0.8040275140523271
6.18,1.3161608149006587,-0.9133132811275149,0.7926187271017984
6.19,1.3135591168330594,-0.8839986540533351,0.7809346703913869
6.2,1.3106738246590206,-0.854630945963033,0.7689802568405474
6.21,1.3075051109995217,-0.8252143671326633,0.7567603993687311
6.22,1.3040531484755409,-0.7957531278382828,0.7442800108953906
6.23,1.3003181097080576,-0.7662514383559466,0.7315440043399773
6.24,1.2963001673180514,-0.7367135089617172,0.7185572926219458
6.25,1.2919994939265012,-0.7071435499316492,0.7053247886607473
6.26,1.2874162621543865,-0.6775457715417998,0.6918514053758346
6.27,1.282550644622686,-0.6479243840682266,0.6781420556866599
6.28,1.2774028139523788,-0.618283597786984,0.6642016525126744
6.29,1.2719729427644442,-0.5886276229741346,0.6500351087733333
6.3,1.2662612036798622,-0.5589606699057335,0.6356473373880877
6.31,1.2602677693196105,-0.5292869488578372,0.6210432512763897
6.32,1.2539928123046686,-0.49961067010650095,0.606227763357691
6.33,1.2474365052560168,-0.4699360439277872,0.5912057865514464
6.34,1.2405990207946331,-0.4402672805977505,0.5759822337771072
6.35,1.2334805315414974,-0.4106085903924482,0.5605620179541256
6.36,1.2260812101175875,-0.38096418358793505,0.5449500520019529
6.37,1.2184012291438846,-0.3513382704602736,0.5291512488400443
6.38,1.2104407612413666,-0.32173506128551843,0.5131705213878507
6.39,1.2021999790310127,-0.2921587663397268,0.4970127825648248
6.4,1.1936790551338017,-0.2626135958989536,0.48068294529041755
6.41,1.1848781621707138,-0.23310376023926144,0.46418592248408413
6.42,1.175797472762728,-0.2036334696367046,0.44752662706527574
6.43,1.1664371595308227,-0.17420693436734055,0.43070997195344485
6.44,1.156797395095977,-0.14482836470722407,0.4137408700680423
6.45,1.146878352079171,-0.1155019709324176,0.3966242343285237
6.46,1.1366802031013836,-0.08623196331897588,0.37936497765433974
6.47,1.1262031207835939,-0.0570225521429564,0.36196801296494313
6.48,1.1154472777467797,-0.027877947680413476,0.3444382531797847
6.49,1.1044128466119223,0.001197639792590216,0.32678061121832
6.5,1.0931,0.0302,0.309
6.51,1.0815092961891137,0.05912504341659153,0.29110165597102516
6.52,1.0696428360858508,0.08796916352047267,0.27309210968458825
6.53,1.05750310625392,0.11672887454058682,0.25497821522062847
6.54,1.045092593257033,0.14540069070586972,0.23676682665908982
6.55,1.0324137836588976,0.17398112624526477,0.2184647980799115
6.56,1.0194691640232243,0.20246669538771286,0.20007898356303438
6.57,1.0062612209137203,0.23085391236215727,0.18161623718839753
6.58,0.9927924408940977,0.25913929139753383,0.16308341303594512
6.59,0.9790653105280653,0.28731934672278603,0.14448736518561625
6.6,0.9650823163793322,0.3153905925668546,0.12583494771735176
6.61,0.9508459450116062,0.3433495431586828,0.10713301471109078
6.62,0.9363586829886001,0.3711927127272067,0.08838842024677747
6.63,0.9216230168740217,0.3989166155013696,0.06960801840435092
6.64,0.9066414332315802,0.42651776571011213,0.05079866326375202
6.65,0.891416418624984,0.4539926775823778,0.03196720890491978
6.66,0.8759504596179453,0.4813378653471026,0.013120509407798514
6.67,0.860246042774172,0.5085498432332296,-0.005734581147672791
6.68,0.8443056546573737,0.5356251254696999,-0.024591208681553272
6.69,0.8281317818312585,0.5625602262854565,-0.04344251911390376
6.7,0.8117269108595384,0.5893516599094356,-0.062281658364780175
6.71,0.7950935283059218,0.6159959405705806,-0.08110177235424335
6.72,0.778234120734118,0.6424895824978321,-0.09989600700235246
6.73,0.761151174707835,0.6688290999201332,-0.11865750822916835
6.74,0.7438471767907852,0.6950110070664204,-0.13737942195474695
6.75,0.7263246135466764,0.7210318181656367,-0.15605489409914908
6.76,0.7085859715392185,0.7468880474467228,-0.17467707058243392
6.77,0.6906337373321205,0.7725762091386199,-0.1932390973246607
6.78,0.6724703974890907,0.7980928174702708,-0.2117341202458902
6.79,0.6540984385738413,0.8234343866706121,-0.2301552852661784
6.8,0.6355203471500805,0.8485974309685866,-0.24849573830558602
6.81,0.6167386097815176,0.8735784645931355,-0.2667486252841724
6.82,0.5977557130318603,0.8983740017732014,-0.2849070921219983
6.83,0.5785741434648216,0.9229805567377212,-0.3029642847391196
6.84,0.5591963876441093,0.9473946437156378,-0.3209133490555972
6.85,0.5396249321334327,0.9716127769358918,-0.3387474309914903
6.86,0.5198622634964996,0.9956314706274265,-0.35645967646685955
6.87,0.49991086829702286,1.0194472390191782,-0.3740432314017612
6.88,0.4797732330987104,1.0430565963400902,-0.39149124171625577
6.89,0.4594518444652713,1.0664560568191033,-0.4087968533304027
6.9,0.43894918896041357,1.0896421346851601,-0.4259532121642625
6.91,0.41826775314785036,1.1126113441671974,-0.4429534641378915
6.92,0.3974100235912888,1.1353601994941587,-0.4597907551713502
6.93,0.3763784868544389,1.157885214894984,-0.4764582311846981
6.94,0.355175629501008,1.1801829045986165,-0.4929490380979954
6.95,0.33380393809470926,1.2022497828339933,-0.509256321831299
6.96,0.31226589919925035,1.224082363830057,-0.5253732283046689
6.97,0.2905639993783407,1.2456771618157485,-0.5412929034381646
6.98,0.26870072519568783,1.2670306910200106,-0.5570084931518466
6.99,0.24667856321500514,1.2881394656717802,-0.5725131433657717
7.0,0.2245,1.309,-0.5878
7.01,0.20216775320779432,1.329609140355503,-0.6028628251277837
7.02,0.1796854648691587,1.3499650615766916,-0.6176978454351455
7.03,0.15705700810827425,1.3700662706238607,-0.6323019037613026
7.04,0.13428625604932787,1.3899112744573008,-0.6466718429454681
7.05,0.1113770818165006,1.4094985800373079,-0.6608045058268587
7.06,0.08833335853397552,1.4288266943241754,-0.6746967352446906
7.07,0.06515895932593352,1.4478941242781993,-0.6883453740381802
7.08,0.04185775731656172,1.4666993768596701,-0.701747265046541
7.09,0.018433625630041077,1.4852409590288833,-0.7148992511089899
7.1,-0.005109562609445435,1.5035173777461333,-0.7277981750647425
7.11,-0.028767934277716845,1.5215271399717147,-0.7404408797530155
7.12,-0.052537616250585964,1.5392687526659188,-0.7528242080130226
7.13,-0.07641473540387199,1.5567407227890409,-0.7649450026839807
7.14,-0.10039541861339175,1.573941557301375,-0.776800106605105
7.15,-0.12447579275496444,1.5908697631632165,-0.7883863626156127
7.16,-0.14865198470440283,1.607523847334856,-0.7997006135547172
7.17,-0.172920121337526,1.6239023167765898,-0.810739702261635
7.18,-0.19727632953015092,1.6400036784487109,-0.8215004715755824
7.19,-0.22171673615809687,1.6558264393115147,-0.8319797643357755
7.2,-0.2462374680971764,1.671369106325293,-0.8421744233814281
7.21,-0.2708346522232086,1.6866301864503401,-0.8520812915517574
7.22,-0.2955044154120107,1.7016081866469508,-0.8616972116859783
7.23,-0.3202428845394017,1.71630161387542,-0.8710190266233078
7.24,-0.3450461864811942,1.7307089750960387,-0.88004357920296
7.25,-0.3699104481132075,1.7448287772691025,-0.888767712264151
7.26,-0.3948317963112586,1.7586595273549053,-0.8971882686460967
7.27,-0.4198063579511643,1.7721997323137406,-0.9053020911880131
7.28,-0.44483025990874386,1.7854478991059042,-0.913106022729116
7.29,-0.46989962905981014,1.7984025346916865,-0.92059690610862
7.3,-0.49501059228018196,1.8110621460313843,-0.9277715841657417
7.31,-0.5201592764456766,1.8234252400852897,-0.9346268997396964
7.32,-0.5453418084321131,1.8354903238136988,-0.9411596956697004
7.33,-0.5705543151153042,1.8472559041769032,-0.9473668147949685
7.34,-0.5957929233710687,1.8587204881351975,-0.953245099954717
7.35,-0.6210537600752241,1.869882582648876,-0.9587913939881613
7.36,-0.6463329521035894,1.8807406946782332,-0.9640025397345174
7.37,-0.6716266263319771,1.8912933311835618,-0.9688753800330004
7.38,-0.6969309096362064,1.9015389991251561,-0.9734067577228264
7.39,-0.7222419288920944,1.9114762054633094,-0.977593515643211
7.4,-0.7475558109754602,1.9211034571583179,-0.9814324966333705
7.41,-0.7728686827621165,1.9304192611704725,-0.9849205435325197
7.42,-0.7981766711278823,1.939422124460069,-0.9880544991798742
7.43,-0.8234759029485749,1.9481105539874002,-0.9908312064146503
7.44,-0.8487625051000133,1.956483056712762,-0.9932475080760637
7.45,-0.87403260445801,1.964538139596446,-0.9953002470033298
7.46,-0.8992823278983844,1.9722743095987467,-0.9969862660356641
7.47,-0.9245078022969533,1.979690073679959,-0.9983024080122826
7.48,-0.9497051545295359,1.9867839388003763,-0.9992455157724012
7.49,-0.9748705114719451,1.9935544119202917,-0.9998124321552347
7.5,-1.0,2.0,-1.0
7.51,-1.025089758620288,2.006119626361393,-0.9998061170598891
7.52,-1.0501359723624801,2.0119138797727563,-0.999232900744003
7.53,-1.07513483788702,2.0173837653639737,-0.9982835233754198
7.54,-1.1000825518543447,2.0225302882649276,-0.9969611572772178
7.55,-1.1249753109248977,2.027354453605502,-0.9952689747724751
7.56,-1.1498093117591208,2.0318572665155807,-0.9932101481842694
7.57,-1.1745807510174577,2.036039732125048,-0.9907878498356788
7.58,-1.1992858253603453,2.0399028555637853,-0.9880052520497817
7.59,-1.2239207314482274,2.0434476419616776,-0.9848655271496559
7.6,-1.2484816659415456,2.046675096448609,-0.9813718474583797
7.61,-1.272964825500743,2.0495862241544613,-0.9775273852990306
7.62,-1.2973664067862574,2.052182030209119,-0.9733353129946873
7.63,-1.321682606458532,2.0544635197424657,-0.9687988028684277
7.64,-1.3459096211780088,2.056431697884385,-0.9639210272433298
7.65,-1.3700436476051308,2.0580875697647594,-0.9587051584424711
7.66,-1.3940808824003357,2.059432140513474,-0.9531543687889309
7.67,-1.4180175222240667,2.0604664152604104,-0.9472718306057862
7.68,-1.4418497637367658,2.061191399135454,-0.9410607162161156
7.69,-1.4655738035988761,2.0616080972684876,-0.9345241979429965
7.7,-1.489185838470835,2.061717514789394,-0.9276654481095079
7.71,-1.5126820650130866,2.061520656828058,-0.9204876390387274
7.72,-1.5360586798860716,2.0610185285143623,-0.912993943053733
7.73,-1.5593118797502337,2.0602121349781903,-0.9051875324776024
7.74,-1.582437861266011,2.0591024813494263,-0.8970715796334146
7.75,-1.6054328210938464,2.057690572757953,-0.8886492568442471
7.76,-1.628292955894181,2.0559774143336544,-0.8799237364331781
7.77,-1.6510144623274572,2.0539640112064137,-0.8708981907232856
7.78,-1.6735935370541182,2.051651368506114,-0.8615757920376469
7.79,-1.696026376734601,2.049040491362641,-0.8519597126993415
7.8,-1.7183091780293493,2.0461323849058752,-0.8420531250314468
7.81,-1.7404381375988052,2.0429280542657025,-0.8318592013570407
7.82,-1.7624094521034117,2.039428504572005,-0.8213811139992006
7.83,-1.784219318203606,2.0356347409546665,-0.8106220352810062
7.84,-1.8058639325598318,2.0315477685435708,-0.7995851375255347
7.85,-1.8273394918325307,2.0271685924686014,-0.7882735930558642
7.86,-1.8486421926821464,2.0224982178596416,-0.7766905741950717
7.87,-1.8697682317691158,2.017537649846575,-0.7648392532662374
7.88,-1.890713805753883,2.012287893559286,-0.7527228025924382
7.89,-1.9114751112968893,2.0067499541276566,-0.7403443944967522
7.9,-1.9320483450585773,2.0009248366815706,-0.7277072013022563
7.91,-1.9524297036993858,1.9948135463509127,-0.7148143953320308
7.92,-1.9726153838797582,1.9884170882655656,-0.7016691489091529
7.93,-1.9926015822601353,1.9817364675554128,-0.6882746343567003
7.94,-2.0123844955009598,1.9747726893503372,-0.6746340239977501
7.95,-2.0319603202626713,1.9675267587802239,-0.6607504901553827
7.96,-2.051325253205712,1.9599996809749551,-0.6466272051526748
7.97,-2.070475490990524,1.952192461064415,-0.6322673413127048
7.98,-2.0894072302775486,1.9441061041784864,-0.6176740709585492
7.99,-2.108116667727227,1.9357416154470537,-0.6028505664132886
8.0,-2.1266,1.9271,-0.5878
8.01,-2.1448536851266393,1.9181825981989238,-0.5725261450326603
8.02,-2.162875226619232,1.908992091332282,-0.5570351787888427
8.03,-2.180662389360196,1.8995314959202467,-0.5413338795370191
8.04,-2.198212938231948,1.8898038284829901,-0.5254290255456617
8.05,-2.215524638116908,1.8798121055406822,-0.5093273950832398
8.06,-2.232595253897488,1.8695593436134987,-0.4930357664182307
8.07,-2.249422550456106,1.8590485592216102,-0.4765609178191042
8.08,-2.2660042926751807,1.848282768885188,-0.45990962755433207
8.09,-2.2823382454371286,1.8372649891244044,-0.4430886738923865
8.1,-2.298422173624367,1.8259982364594316,-0.4261048351017394
8.11,-2.314253842119313,1.8144855274104414,-0.40896488945086296
8.12,-2.3298310158043836,1.8027298784976058,-0.39167561520822924
8.13,-2.3451514595619987,1.790734306241095,-0.3742437906423071
8.14,-2.36021293827457,1.7785018271610848,-0.35667619402157497
8.15,-2.375013216824516,1.7660354577777455,-0.3389796036145017
8.16,-2.3895500600942556,1.753338214611249,-0.3211607976895594
8.17,-2.403821232966205,1.7404131141817674,-0.3032265545152202
8.18,-2.417824500322782,1.7272631730094725,-0.2851836523599561
8.19,-2.4315576270464017,1.7138914076145364,-0.26703886949223915
8.2,-2.445018378019484,1.7003008345171313,-0.24879898418054142
8.21,-2.4582045181244454,1.6864944702374265,-0.2304707746933317
8.22,-2.4711138122437,1.6724753312955989,-0.21206101929908866
8.23,-2.4837440252596674,1.6582464342118184,-0.19357649626628104
8.24,-2.496092922054764,1.6438107955062566,-0.17502398386338097
8.25,-2.508158267511407,1.6291714316990857,-0.15641026035886046
8.26,-2.5199378265120136,1.614331359310478,-0.1377421040211916
8.27,-2.531429363939001,1.599293594860605,-0.11902629311884645
8.28,-2.5426306446747855,1.584061154869639,-0.1002696059202971
8.29,-2.5535394336017845,1.568637055857752,-0.08147882069401559
8.3,-2.564153495602418,1.5530243143451135,-0.06266071570847065
8.31,-2.574470595559098,1.5372259468519003,-0.04382206923214104
8.32,-2.5844884983542435,1.5212449698982824,-0.02496965953349549
8.33,-2.5942049688702724,1.5050844000044312,-0.006110264881006119
8.34,-2.6036177719896014,1.4887472536905195,0.012749336456855102
8.35,-2.6127246725946476,1.4722365474767187,0.03160236621161608
8.36,-2.621523435567828,1.455555297883201,0.05044204611480475
8.37,-2.6300118257915597,1.438706521430138,0.06926159789794897
8.38,-2.6381876081482605,1.4216932346376998,0.08805424329258017
8.39,-2.6460485475203455,1.4045184540260633,0.10681320403021946
8.4,-2.6535924087902334,1.387185196115398,0.1255317018423981
8.41,-2.6608169568403404,1.369696477425876,0.14420295846064413
8.42,-2.6677199565530842,1.3520553144776692,0.16282019561648536
8.43,-2.6742991728108816,1.3342647237909497,0.1813766350414498
8.44,-2.68055237049615,1.3163277218858893,0.19986549846706542
8.45,-2.686477314491306,1.29824732528266,0.21828000762486005
8.46,-2.6920717696787673,1.280026550501431,0.2366133842463649
8.47,-2.69733350094095,1.2616684140623804,0.2548588500631015
8.48,-2.7022602731602716,1.2431759324856768,0.2730096268066009
8.49,-2.706849851219149,1.2245521222914928,0.29105893620839113
8.5,-2.7111,1.2058,0.309
8.51,-2.715008872073153,1.1869227400429132,0.32682630279052866
8.52,-2.718576170760587,1.1679241484981182,0.3445323806993703
8.53,-2.7218019870721912,1.1488081893550435,0.36211303272349127
8.54,-2.724686412017857,1.1295788266031173,0.37956305785985794
8.55,-2.7272295366074735,1.1102400242317645,0.39687725510543964
8.56,-2.7294314518509313,1.090795746230421,0.4140504234571965
8.57,-2.7312922487581206,1.071249956588511,0.43107736191209817
8.58,-2.732812018338932,1.051606619295463,0.44795286946711077
8.59,-2.733990851603256,1.0318696983407059,0.4646717451192007
8.6,-2.734828839560982,1.012043157713668,0.48122878786533424
8.61,-2.735326073222,0.9921309614037775,0.4976187967024778
8.62,-2.735482643596202,0.9721370734004628,0.5138365706275977
8.63,-2.735298641693477,0.9520654576931492,0.5298769086376631
8.64,-2.7347741585237144,0.9319200782712715,0.5457346097296345
8.65,-2.733909285096806,0.9117048991242553,0.5614044729004815
8.66,-2.7327041124226414,0.8914238842415285,0.5768812971471701
8.67,-2.7311587315111114,0.8710809976125198,0.5921598814666665
8.68,-2.7292732333721053,0.8506802032266574,0.6072350248559373
8.69,-2.727047709015514,0.8302254650733698,0.6221015263119489
8.7,-2.7244822494512273,0.8097207471420856,0.6367541848316675
8.71,-2.721576945689135,0.7891700134222293,0.6511877994120617
8.72,-2.718331888739129,0.7685772279032369,0.6653971690500934
8.73,-2.7147471696110985,0.7479463545745328,0.6793770927427308
8.74,-2.710822879314934,0.7272813574255457,0.6931223694869406
8.75,-2.7065591088605254,0.7065862004457039,0.7066277982796891
8.76,-2.7019559492577634,0.6858648476244359,0.7198881781179426
8.77,-2.697013491516538,0.6651212629511699,0.7328983079986675
8.78,-2.6917318266467385,0.6443594104153347,0.74565298691883
8.79,-2.686111045658257,0.6235832540063585,0.7581470138753966
8.8,-2.6801512395609817,0.6027967577136658,0.7703751878653355
8.81,-2.6738524993648043,0.5820038855266928,0.782332307885609
8.82,-2.6672149160796153,0.5612086014348641,0.7940131729331857
8.83,-2.660238580715304,0.540414869427608,0.8054125820050314
8.84,-2.652923584281761,0.5196266534943529,0.816525334098113
8.85,-2.645270017788877,0.49884791762452735,0.8273462282093964
8.86,-2.6372779722465416,0.47808262580755967,0.8378700633358485
8.87,-2.6289475386646446,0.4573347420328784,0.8480916384744349
8.88,-2.6202788080530763,0.4366082302899081,0.8580057526221242
8.89,-2.6112718714217285,0.41590705456808474,0.8676072047758792
8.9,-2.6019268197804903,0.39523517885683296,0.8768907939326677
8.91,-2.5922437441392527,0.37459656714558115,0.8858513190894562
8.92,-2.5822227355079046,0.3539951834237578,0.894483579243211
8.93,-2.5718638848963375,0.3334349916807912,0.9027823733908987
8.94,-2.5611672833144414,0.31291995590610994,0.9107425005294851
8.95,-2.5501330217721057,0.29245404008914233,0.9183587596559373
8.96,-2.538761191279219,0.27204120821931305,0.9256259497672222
8.97,-2.5270518828456767,0.251685424286058,0.9325388698603038
8.98,-2.5150051874813655,0.2313906522788019,0.9390923189321498
8.99,-2.502621196196177,0.2111608561869731,0.9452810959797263
9.0,-2.4899,0.191,0.9511
9.01,-2.4768421593807473,0.17091184402942544,0.9565450578705438
9.02,-2.46345011273842,0.15089933387524934,0.9616172079913575
9.03,-2.4497267679510375,0.13096521145958606,0.9663186166430481
9.04,-2.435675032896625,0.11111221870454988,0.9706514501062222
9.05,-2.421297815453199,0.09134309753225163,0.9746178746614874
9.06,-2.4065980234987885,0.07166058986481265,0.9782200565894489
9.07,-2.3915785649114114,0.052067437624343724,0.9814601621707141
9.08,-2.3762423475690913,0.03256638273295919,0.9843403576858897
9.09,-2.3605922793498486,0.013160167112773355,0.9868628094155826
9.1,-2.344631268131706,-0.006148467314099468,0.9890296836403996
9.11,-2.3283622217926854,-0.025356778625544963,0.990843146640947
9.12,-2.311788048210809,-0.04446202489944883,0.992305364697832
9.13,-2.2949116552640954,-0.0634614642137001,0.9934185040916612
9.14,-2.277735950830573,-0.08235235464617767,0.9941847311030412
9.15,-2.260263842788259,-0.10113195427477067,0.9946062120125787
9.16,-2.2424982390151778,-0.11979752117736474,0.9946851131008806
9.17,-2.22444204738935,-0.13834631343184559,0.9944236006485533
9.18,-2.206098175788798,-0.1567755891160989,0.9938238409362041
9.19,-2.187469532091544,-0.1750826063080103,0.9928880002444396
9.2,-2.1685590241756083,-0.1932646230854656,0.9916182448538662
9.21,-2.1493695599190117,-0.21131889752635358,0.9900167410450904
9.22,-2.1299040471997817,-0.22924268770855352,0.9880856550987197
9.23,-2.110165393895937,-0.2470332517099543,0.9858271532953605
9.24,-2.0901565078854993,-0.26468784760844166,0.9832434019156197
9.25,-2.069880297046492,-0.28220373348190125,0.9803365672401037
9.26,-2.0493396692569346,-0.29957816740821885,0.9771088155494193
9.27,-2.028537532394851,-0.3168084074652799,0.9735623131241733
9.28,-2.0074767943382623,-0.3338917117309703,0.9696992262449725
9.29,-1.9861603629651912,-0.3508253382831757,0.9655217211924236
9.3,-1.9645911461536547,-0.3676065451997847,0.9610319642471326
9.31,-1.9427720517816833,-0.38423259055867703,0.9562321216897076
9.32,-1.9207059877272947,-0.40070073243774146,0.9511243598007547
9.33,-1.8983958618685115,-0.4170082289148635,0.9457108448608805
9.34,-1.8758445820833545,-0.433152338067929,0.9399937431506918
9.35,-1.8530550562498467,-0.4491303179748237,0.9339752209507955
9.36,-1.8300301922460092,-0.4649394267134328,0.9276574445417983
9.37,-1.8067728979498652,-0.48057692236164257,0.9210425802043068
9.38,-1.7832860812394307,-0.49604006299734127,0.9141327942189266
9.39,-1.7595726499927373,-0.5113261066984089,0.9069302528662666
9.4,-1.7356355120878029,-0.526432311542734,0.8994371224269327
9.41,-1.7114775754026486,-0.5413559356082023,0.8916555691815315
9.42,-1.6871017478152968,-0.5560942369726996,0.8835877594106697
9.43,-1.6625109372037692,-0.5706444737141112,0.8752358593949541
9.44,-1.6377080514460882,-0.5850039039103233,0.8666020354149914
9.45,-1.6126959984202756,-0.599169785639221,0.8576884537513878
9.46,-1.5874776860043485,-0.6131393769786928,0.8484972806847495
9.47,-1.562056022076338,-0.6269099360066196,0.8390306824956858
9.48,-1.536433914514262,-0.6404787208008893,0.8292908254648018
9.49,-1.5106142711961419,-0.6538429894393873,0.8192798758727041
9.5,-1.4846,-0.667,0.809
9.51,-1.4583940088038578,-0.6799470105606127,0.798453364127296
9.52,-1.4319992054857378,-0.6926812791991109,0.7876421345351985
9.53,-1.4054184979236617,-0.7052000639933806,0.7765684775043145
9.54,-1.3786547939956517,-0.7175006230213075,0.7652345593152508
9.55,-1.351711001579724,-0.7295802143607789,0.7536425462486118
9.56,-1.3245900285539114,-0.7414360960896768,0.7417946045850088
9.57,-1.2972947827962307,-0.7530655262858889,0.729692900605046
9.58,-1.2698281721847033,-0.7644657630273006,0.7173396005893303
9.59,-1.2421931045973515,-0.7756340643917978,0.7047368708184686
9.6,-1.2143924879121974,-0.7865676884572663,0.6918868775730674
9.61,-1.186429230007263,-0.7972638933015915,0.6787917871337337
9.62,-1.1583062387605696,-0.8077199370026593,0.665453765781074
9.63,-1.1300264220501348,-0.8179330776383572,0.6518749797956926
9.64,-1.1015926877539903,-0.827900573286567,0.6380575954582013
9.65,-1.073007943750153,-0.8376196820251763,0.6240037790492041
9.66,-1.0442750979166455,-0.8470876619320711,0.609715696849308
9.67,-1.015397058131489,-0.8563017710851367,0.5951955151391196
9.68,-0.9863767322727054,-0.8652592675622589,0.5804454001992458
9.69,-0.9572170282183171,-0.8739574094413235,0.5654675183102932
9.7,-0.9279208538463458,-0.8823934548002161,0.5502640357528684
9.71,-0.8984911170348083,-0.8905646617168238,0.5348371188075756
9.72,-0.8689307256617371,-0.8984682882690292,0.5191889337550267
9.73,-0.8392425876051488,-0.9061015925347198,0.5033216468758263
9.74,-0.8094296107430654,-0.9134618325917812,0.4872374244505805
9.75,-0.7794947029535088,-0.9205462665180989,0.47093843275989644
9.76,-0.7494407721145009,-0.9273521523915588,0.4544268380843807
9.77,-0.7192707261040637,-0.9338767482900464,0.43770480670464
9.78,-0.6889874728002192,-0.9401173122914473,0.42077450490128115
9.79,-0.6585939200809895,-0.9460711024736476,0.4036380989549109
9.8,-0.6280929758243907,-0.9517353769145337,0.38629775514613274
9.81,-0.597487547908456,-0.9571073936919893,0.36875563975555964
9.82,-0.5667805442112017,-0.9621844108839008,0.35101391906379537
9.83,-0.53597487261065,-0.9669636865681543,0.3330747593514464
9.84,-0.5050734409848225,-0.9714424788226357,0.3149403268991198
9.85,-0.47407915721174143,-0.9756180457252301,0.29661278798742213
9.86,-0.4429949291694286,-0.9794876453538233,0.27809430889696
9.87,-0.41182366473590604,-0.9830485357863011,0.2593870559083404
9.88,-0.38056827178919006,-0.98629797510055,0.24049319530216656
9.89,-0.3492316582073139,-0.9892332213744542,0.22141489335905187
9.9,-0.3178167318682936,-0.9918515326859001,0.20215431635959977
9.91,-0.2863264006501515,-0.9941501671127732,0.18271363058441706
9.92,-0.2547635724309093,-0.9961263827329593,0.16309500231411042
9.93,-0.22313115508858897,-0.9977774376243446,0.14330059782928656
9.94,-0.19143205650121276,-0.9991005898648136,0.12333258341055231
9.95,-0.15966918454680218,-1.000093097532253,0.10319312533851424
9.96,-0.1278454471033739,-1.0007522187045483,0.08288438989377558
9.97,-0.09596375204896104,-1.001075211459585,0.06240854335695023
9.98,-0.06402700726157967,-1.0010593338752485,0.041767752008641364
9.99,-0.03203812061925214,-1.000701844029425,0.020964182129455708
10.0,0.0,-1.0,0.0
